Cue,Target,COS,LSA,FSG,cosg,lsag,fsgg,QSS.1,QCON.1,HAL.1,LogHAL.1,Subtlex.1,LogSub.1,Length.1,POS.1,Ortho.1,Phono.1,Phonemes.1,Syllables.1,Morphemes.1,AOA.1,Valence.1,Imageability.1,Familiarity.1,TSS.1,QSS.2,QCON.2,HAL.2,LogHAL.2,Subtlex.2,LogSub.2,Length.2,POS.2,Ortho.2,Phono.2,Phonemes.2,Syllables.2,Morphemes.2,AOA.2,Valence.2,Imageability.2,Familiarity.2,TSS.2,FSS.1,FSS.2,COSC.1,COSC.2
find,keep,0,0.279109,0.117,low,low,low,11,5.86,378725,12.84,830.96,4.63,4,VB,15,26,4,1,1,5.78,6.45,4.21,6.17,11,17,3.3,183906,12.12,702.86,4.55,4,VB,9,33,3,1,1,4.42,6.32,2.95,6.3,17,26,5,151,14
food,drink,0.051820331,0.170368,0.05,low,low,low,18,5.84,59724,11,154.43,3.9,4,NN,10,24,3,1,1,3.25,7.52,5.33,6.53,18,20,4.95,19872,9.9,247.39,4.1,5,VB,5,4,5,1,1,3.47,5.47,5.49,6.4,20,5,23,96,204
shovel,fork,0.091837261,0.126887,0.014,low,low,low,13,5.68,1017,6.92,6.84,2.54,6,NN,2,5,4,2,1,6.28,4.8,5.32,6.02,13,8,5.25,11253,9.33,8.82,2.65,4,NN,9,13,4,1,1,3.63,5.47,5.71,6.24,8,48,39,118,322
fish,bowl,0.033286338,0.112432,0.018,low,low,low,24,5.84,30614,10.33,83.49,3.63,4,NN,5,17,3,1,1,4.05,6.42,6.09,6.16,24,22,5.26,10720,9.28,21.45,3.04,4,NN,10,49,3,1,1,4.26,5.67,5.66,6.2,22,31,15,116,161
walrus,sea,0.341622972,0.318781,0.02,medium,low,low,16,6.16,530,6.27,1.12,1.76,6,NN,0,0,6,2,1,5.06,5.79,5.84,5.8,16,15,5.82,36736,10.51,59.84,3.48,3,NN,17,51,2,1,1,4.74,6.56,5.73,6.24,15,13,11,44,171
brick,wood,0.51298485,0.222086,0.013,medium,low,low,14,5.97,3969,8.29,10.18,2.72,5,NN,8,23,4,1,1,6.43,4.65,5.69,6.13,14,26,5.81,24035,10.09,27,3.14,4,NN,12,18,3,1,1,4.58,5.82,5.42,6.46,26,9,7,66,51
safe,vault,0.433552675,0.113921,0.021,medium,low,low,21,3.72,33169,10.41,143.2,3.86,4,ADJ,10,15,3,1,1,5.11,7.7,4.68,6.05,21,13,5.39,9408,9.15,12.04,2.79,5,NN,2,10,4,1,1,9.16,5.84,5.44,5.19,13,7,13,17,78
soap,shower,0.760009493,0.258413,0.022,high,low,low,22,5.77,8037,8.99,15.2,2.89,4,NN,6,28,3,1,1,3.17,7.1,5.89,6.31,22,17,5.88,6874,8.84,41.12,3.32,6,NN,2,17,3,1,1,4.72,7.19,6.43,6.56,17,10,10,87,73
doll,play,0.144132044,0.254607,0.058,low,low,low,13,5.36,5685,8.65,24.76,3.1,4,NN,12,26,3,1,1,3.68,5.58,5.27,6,13,21,4.22,149546,11.92,354.53,4.26,4,VB,6,15,3,1,1,4.1,7.55,4.49,6.53,21,17,5,120,65
cake,walk,0,0.190194,0.033,low,low,low,19,6.11,6250,8.74,45.06,3.36,4,NN,19,30,3,1,1,3.26,7.58,6.23,6.6,19,12,4.28,33093,10.41,215.86,4.04,4,VB,9,17,3,1,1,3.45,6.77,5.05,6.57,12,20,27,76,17
liar,thief,0,0.262936,0.027,low,low,low,18,3.79,6138,8.72,35.14,3.25,4,NN,1,21,3,1,2,4.89,2.41,4.15,6.19,18,11,4.83,4276,8.36,24.27,3.09,5,NN,1,10,3,1,1,7.22,2.32,5.22,6.05,11,5,5,8,9
limousine,white,0.017999819,0.09285,0.013,low,low,low,16,6.2,525,6.26,2.82,2.16,9,NN,0,0,7,3,1,8.17,6.14,5.89,5.79,16,8,4.68,149742,11.92,171.45,3.94,5,ADJ,4,11,4,1,1,4.06,6.18,5.64,6.37,8,27,5,118,14
oil,car,0.062886453,0.051331,0.176,low,low,low,17,5.6,34785,10.46,41.08,3.32,3,NN,8,17,2,1,1,7.33,3.91,5.21,6.23,17,25,6.35,86253,11.37,483.06,4.39,3,NN,23,43,3,1,1,3.37,6.63,6.22,6.8,25,5,36,15,267
camp,lake,0.010099081,0.245806,0.02,low,low,low,19,5.69,15938,9.68,51.22,3.42,4,NN,10,10,4,1,1,5.78,7,5.51,6.26,19,15,5.7,21614,9.98,36,3.26,4,NN,22,40,3,1,1,4.61,7.13,5.98,6.43,15,23,8,207,95
tear,cry,0.368051649,0.295845,0.303,medium,low,low,9,4.69,6617,8.8,27,3.14,4,NN,19,48,3,1,1,4.89,3.14,5.02,6.18,9,14,4.32,13252,9.49,65.65,3.52,3,VB,7,8,3,1,1,2.78,3.22,4.53,6.25,14,5,54,12,266
gold,jewel,0.380385359,0.148655,0.096,medium,low,low,16,5.68,53067,10.88,78.94,3.61,4,NN,14,29,4,1,1,7.1,7.28,5.7,6.03,16,20,5.73,1980,7.59,7.24,2.57,5,NN,1,5,4,1,1,6.22,6.68,6.05,6.23,20,8,11,78,11
tack,pin,0.710591389,0.159971,0.079,high,low,low,12,5.64,1603,7.38,2.12,2.04,4,NN,15,41,3,1,1,6.63,4.42,5.56,5.68,12,15,5.81,24742,10.12,16.37,2.92,3,NN,19,46,3,1,1,4.53,5.29,5.43,5.76,15,16,12,78,75
raspberry,strawberry,0.804514244,0.208861,0.135,high,low,low,15,5.9,674,6.51,1.88,1.99,9,NN,0,0,7,3,2,5.33,7.3,6.3,6.02,15,21,7,1622,7.39,5.53,2.45,10,NN,0,0,8,3,2,4.21,7.25,6.18,6.4,21,30,36,79,39
come,travel,0.775008662,0.13896,0.014,high,low,low,13,3.51,232041,12.35,3140.98,5.2,4,VB,17,25,3,1,1,3.32,5.64,3.3,6.59,13,25,3.93,45977,10.74,33.37,3.23,6,VB,2,2,5,2,1,5.9,7.89,5,6.24,25,22,25,256,27
rain,sun,0.147250668,0.151868,0.064,low,low,low,18,5.77,17801,9.79,48.9,3.4,4,NN,12,51,3,1,1,3.6,6.58,5.89,6.43,18,14,6.23,74083,11.21,69.67,3.55,3,NN,21,40,3,1,1,3.4,6.92,6.04,6.85,14,18,16,106,64
blue,eye,0.261075246,0.189314,0.092,low,low,low,14,4.49,89005,11.4,102.39,3.72,4,ADJ,6,13,3,1,1,3.53,6.53,5.66,6.41,14,13,6.28,41052,10.62,111.78,3.76,3,NN,10,15,1,1,1,3.75,6.18,5.89,6.63,13,12,28,88,229
steel,building,0.082636763,0.189238,0.014,low,low,low,17,5.82,18414,9.82,18.45,2.97,5,NN,4,12,4,1,1,7.68,4.95,5.28,6.27,17,20,5.91,48370,10.79,99.57,3.71,8,NN,0,6,6,2,2,6.16,5.47,5.86,6.54,20,7,15,45,128
skin,care,0.061067857,0.081248,0.013,low,low,low,23,6.96,24973,10.13,44.04,3.35,4,NN,8,12,4,1,1,4.48,5.78,6.61,6.52,23,18,3.33,104469,11.56,485.25,4.39,4,NN,26,38,3,1,1,5.65,7.64,3.77,6.37,18,6,5,48,4
rocket,moon,0,0.274096,0.076,low,low,low,18,6.22,11027,9.31,11.84,2.78,6,NN,7,5,5,2,1,5.63,5.62,6.06,5.93,7,10,5.68,30689,10.33,49.96,3.41,4,NN,13,34,3,1,1,4.83,7,5.72,6.26,10,17,8,112,8
shot,pain,0,0.149887,0.034,low,low,low,13,4.57,42214,10.65,227.43,4.06,4,NN,14,33,3,1,1,4.26,2.82,5.29,6.05,13,13,4.22,36596,10.51,97.94,3.7,4,NN,14,48,3,1,1,4.26,5.32,4.96,6.43,13,5,5,5,54
saucer,milk,0,0.270329,0.091,low,low,low,11,6.02,1272,7.15,2.75,2.15,6,NN,2,5,4,2,2,3.37,6.74,5.38,6.07,11,18,6.66,15195,9.63,42.53,3.34,4,NN,8,10,4,1,1,3.37,2,6.32,6.62,18,19,22,26,130
chapel,temple,0.361128126,0.239673,0.02,medium,low,low,11,5.66,2917,7.98,7.96,2.61,6,NN,0,5,4,2,1,6.95,6.67,5.55,5.58,11,12,6.69,13396,9.5,17.55,2.95,6,NN,0,5,5,2,1,8.79,5.3,5.02,5.34,12,12,5,4,10
wet,swim,0.507236038,0.23303,0.047,medium,low,low,11,4.74,16466,9.71,39.22,3.3,3,ADJ,18,31,3,1,1,2.47,5.64,4.91,6.32,11,19,4.85,5116,8.54,31.8,3.21,4,VB,7,12,4,1,1,4.17,6.71,5.52,6.32,19,5,39,20,51
fire,heat,0.347490168,0.134117,0.055,medium,low,low,18,6.13,62707,11.05,215.49,4.04,4,NN,18,28,3,1,1,3.25,5.67,6.32,6.33,18,16,4.84,28372,10.25,40.08,3.31,4,NN,11,33,3,1,1,5.33,4.77,4.67,6.26,16,15,11,107,70
freedom,country,0.366606932,0.226207,0.014,medium,low,low,24,1.98,44824,10.71,33.1,3.23,7,NN,0,0,6,2,2,7.05,7.72,4.48,6.4,24,19,4.54,106711,11.58,161.84,3.92,7,NN,0,0,6,2,1,8.9,6.14,5.14,6.57,19,5,5,6,10
jail,crime,0.08483377,0.625867,0.019,low,medium,low,15,5.84,9659,9.18,70.63,3.56,4,NN,12,36,3,1,1,5.74,1.91,6.02,6.4,15,24,3.81,33496,10.42,71.24,3.56,5,NN,5,12,4,1,1,7.67,1.95,4.93,6.05,24,8,5,60,44
think,thought,0.148521178,0.405833,0.089,low,medium,low,22,3.38,652944,13.39,2691.39,5.14,5,VB,7,14,4,1,1,5.89,6.68,4.52,6.68,22,9,1.28,174954,12.07,808.47,4.62,7,NN,0,14,3,1,1,5.89,6.76,3.42,6.53,9,5,5,13,21
high,school,0,0.365248,0.014,low,medium,low,11,3.62,185510,12.13,195,4,4,ADJ,3,45,2,1,1,4.58,5.77,4.88,6.64,11,22,5.25,119951,11.69,333.12,4.23,6,NN,0,10,4,1,1,3.89,5.41,5.72,6.47,22,5,11,3,36
pigeon,bird,0.390263247,0.475698,0.646,medium,medium,medium,7,5.77,900,6.8,5.9,2.48,6,NN,0,2,5,2,1,6.21,5.58,6.05,5.92,7,23,5.77,19070,9.86,45.45,3.37,4,NN,5,48,3,1,1,3.52,6.75,6.14,6.33,23,14,23,83,107
trumpet,instrument,0.561076309,0.416442,0.177,medium,medium,low,16,7,7157,8.88,4.12,2.32,7,NN,2,1,7,2,1,6.28,6.03,6.28,5.83,16,14,6.25,10141,9.22,8.1,2.62,10,NN,0,0,10,3,1,6.94,6.68,4.87,6.25,14,16,10,59,41
horse,pony,0.489282997,0.702421,0.109,medium,high,low,16,6.03,23855,10.08,92.88,3.68,5,NN,10,16,4,1,1,4.15,6.05,6.05,6.17,16,5,6.51,2249,7.72,8.1,2.62,4,NN,13,14,4,2,1,5.39,6.71,6.36,5.98,5,43,15,239,152
fence,gate,0.540940557,0.590565,0.094,medium,medium,low,20,5.85,5277,8.57,16.06,2.91,5,NN,2,10,4,1,1,6.28,5.05,6.05,6.03,20,12,5.69,16638,9.72,32.04,3.21,4,NN,20,39,3,1,1,5.32,5.32,5.39,6.18,12,36,40,137,153
green,red,0.783839908,0.343404,0.035,high,medium,,17,5.46,90773,11.42,72.47,3.57,5,ADJ,5,19,4,1,1,3.79,6.29,5.81,6.19,17,14,4.97,103819,11.55,148.06,3.88,3,ADJ,18,35,3,1,1,3.68,5.67,5.88,6.55,14,12,5,80,8
skillet,pan,0.837274111,0.497685,0.48,high,medium,medium,7,5.72,654,6.48,1.22,1.8,7,NN,1,0,6,2,1,8.2,5.85,5.83,5.71,7,13,5.74,10047,9.22,12.29,2.8,3,NN,29,41,3,1,1,4.72,5.15,5.26,6.4,13,12,16,84,86
wash,bath,0.763006231,0.447364,0.02,high,medium,,14,4.2,8590,9.06,40.73,3.32,4,VB,12,15,3,1,1,4,6,4.98,6.59,14,10,5.9,5621,8.63,31.12,3.2,4,NN,13,23,3,1,1,3.23,7,6.18,6.39,10,27,10,15,45
orange,tangerine,0.801641914,0.566693,0.632,high,medium,medium,14,5.74,13483,9.51,22.31,3.06,6,ADJ,1,2,5,2,1,3.26,6.81,5.87,6.25,14,7,6.41,426,6.05,0.75,1.59,9,NN,0,0,8,3,1,8.15,6.81,6.19,5.69,7,27,19,57,47
basketball,baseball,0.683483293,0.770274,0.107,high,high,low,13,5.88,9831,9.19,21.39,3.04,10,NN,0,0,9,3,2,5.3,5.67,6.17,6.19,13,18,5.75,18372,9.82,25.25,3.11,8,NN,0,0,6,2,2,4.83,5.79,5.98,6.26,18,7,30,40,283
inhale,air,0.699063094,0.408891,0.05,high,medium,,8,3.53,857,6.75,2.35,2.08,6,VB,0,1,5,2,2,7.26,5.36,4.55,5.9,8,17,5.67,81115,11.3,139.02,3.85,3,NN,7,20,2,1,1,3.94,6.71,4.62,6.53,17,26,5,150,34
glove,ball,0.011706192,0.716996,0.012,low,high,low,9,6.14,2355,7.76,10.1,2.71,5,NN,3,2,4,1,1,2.9,6.11,5.89,6.46,9,17,6.08,38502,10.56,104.96,3.73,4,NN,20,47,3,1,1,2.9,6.14,6.25,6.42,17,24,9,77,80
deer,forest,0.367300433,0.540496,0.056,medium,medium,low,18,3.96,4911,8.5,8.71,2.65,4,NN,14,48,3,1,1,5.17,6.89,6.4,6.13,18,9,6.37,17098,9.75,18.88,2.98,6,NN,1,1,6,2,1,6.28,6.68,6.3,6.03,9,21,10,223,209
cup,mug,0.580503524,0.398781,0.025,medium,medium,low,10,5.35,27792,10.23,51.65,3.42,3,NN,10,19,3,1,1,3.57,5.94,5.52,6.33,10,9,5.72,1642,7.4,6.84,2.54,3,NN,16,24,3,1,1,5.15,4.16,5.68,6.22,9,23,16,132,105
cage,zoo,0.355932263,0.404271,0.014,medium,medium,low,18,5.88,8498,9.05,20.27,3.01,4,NN,13,17,3,1,1,5.06,3.11,6.07,5.77,18,8,5.79,4317,8.37,13.65,2.84,3,NN,9,44,2,1,1,3.75,7,6.07,6.39,8,14,6,181,44
mud,dirt,0.442539015,0.422408,0.599,medium,medium,medium,10,6.02,11445,9.35,14.82,2.88,3,NN,12,27,3,1,1,4.05,5.06,5.79,6.05,10,18,5.51,7642,8.94,25.69,3.12,4,NN,7,19,3,1,1,3.83,4.5,5.05,6.41,18,7,8,50,83
chair,stool,0.462130502,0.464467,0.032,medium,medium,low,14,6.12,18589,9.83,49.24,3.4,5,NN,3,36,3,1,1,3.43,5.89,5.89,6.65,14,16,5.66,1234,7.12,3.51,2.26,5,NN,4,17,4,1,1,6.21,4.47,5.75,5.66,16,47,24,347,26
four,two,0.701354636,0.579263,0.013,high,medium,,15,3.57,85200,11.35,255.78,4.12,4,Other,9,40,3,1,1,4.93,5.26,4.85,6.27,15,14,3.79,456473,13.03,1066.35,4.74,3,Other,3,53,2,1,1,4.24,6.3,4.39,6.7,14,5,8,21,6
sheep,lamb,0.758163384,0.539946,0.162,high,medium,,17,6.18,7524,8.93,13.43,2.84,5,NN,7,32,3,1,1,4.25,5.32,6.09,6.26,17,14,6.24,3444,8.14,10.63,2.73,4,NN,7,37,3,1,1,4.15,6.3,5.88,5.77,14,42,18,86,153
hawk,eagle,0.76534992,0.66725,0.136,high,high,low,8,6.1,3597,8.19,12.75,2.81,4,NN,5,25,3,1,1,6.74,6.46,5.85,5.78,8,11,5.63,6845,8.83,11.49,2.77,5,NN,1,5,3,2,1,5.83,6.47,6.1,5.87,11,15,20,88,110
stove,oven,0.756197119,0.517065,0.279,high,medium,,11,5.75,1846,7.52,7.59,2.59,5,NN,8,9,4,1,1,4.32,5.63,5.91,6.23,11,9,5.45,3889,8.27,8.88,2.66,4,NN,6,3,3,2,1,5.67,6.16,5.72,6.35,9,12,24,38,137
envelope,mail,0.476577432,0.667265,0.131,medium,high,low,10,5.75,10813,9.29,10.06,2.71,8,NN,1,0,7,3,1,6.25,5.95,5.48,6.16,10,15,4.96,260346,12.47,36.84,3.27,4,NN,20,59,3,1,1,4.65,6.28,5.42,6.28,15,11,5,40,6
wear,dress,0.581880494,0.654346,0.014,medium,medium,low,16,3.46,31161,10.35,109.33,3.75,4,VB,16,37,3,1,1,4.63,6.36,3.22,6.1,16,15,5.91,12384,9.42,87.2,3.65,5,VB,5,7,4,1,1,4.05,6.42,5.61,6.25,15,5,22,17,235
bowl,spoon,0.472091459,0.527516,0.078,medium,medium,low,22,5.26,10720,9.28,21.45,3.04,4,NN,10,49,3,1,1,4.26,5.67,5.66,6.2,22,12,5.88,2624,7.87,7.61,2.59,5,NN,5,12,4,1,1,2.5,5.9,5.38,6.53,12,15,36,161,73
red,yellow,0.828788191,0.588427,0.024,high,medium,,14,4.97,103819,11.55,148.06,3.88,3,ADJ,18,35,3,1,1,3.68,5.67,5.88,6.55,14,20,5.18,19319,9.87,33.8,3.24,6,ADJ,3,9,4,2,1,3.2,6.09,6.18,6.3,20,5,11,8,54
toad,frog,0.774203841,0.879634,0.828,high,high,high,4,5.64,1692,7.43,5.69,2.46,4,NN,7,36,3,1,1,6.11,6,5.85,5.9,4,20,6.96,3126,8.05,11.82,2.78,4,NN,3,5,4,1,1,4.32,5.84,6.04,6.05,20,24,18,109,180
flame,fire,0.703179941,0.616207,0.511,high,medium,medium,14,5.81,34637,10.45,9.04,2.66,5,NN,5,9,4,1,1,6.25,5.9,5.76,6.23,14,18,6.13,62707,11.05,215.49,4.04,4,NN,18,28,3,1,1,3.25,4.32,6.32,6.33,18,40,15,236,107
carpet,rug,0.667211293,0.506301,0.248,high,medium,,17,5.68,9279,9.14,11.65,2.77,6,NN,1,1,6,2,1,6.05,5.95,5.22,6.02,17,12,6.12,1448,7.28,10.41,2.73,3,NN,19,26,3,1,1,4.61,5,5.57,6.54,12,35,28,151,58
cottage,hut,0.741466813,0.509668,0.032,high,medium,,11,5.93,1318,7.18,5.29,2.43,7,NN,1,0,5,2,1,8.5,6.63,5.93,5.59,11,17,5.85,1868,7.53,13.22,2.83,3,NN,20,30,3,1,1,8.1,5.1,5.54,5.6,17,15,6,66,75
talk,speak,0.764854431,0.478196,0.206,high,medium,,18,4.18,91547,11.42,855,4.64,4,VB,11,28,3,1,1,3.68,6.64,5.02,6.75,18,16,4.15,53714,10.89,187.18,3.98,5,VB,4,12,4,1,1,3.56,5.91,4.81,6.52,16,31,33,30,58
rifle,gun,0.709082778,0.616289,0.545,high,medium,medium,10,6.04,8290,9.02,14.57,2.87,5,NN,0,6,4,2,1,7.85,4.3,5.61,5.98,10,18,6.08,47274,10.76,213.2,4.04,3,NN,17,28,3,1,1,5.58,3.66,5.88,6.28,18,17,35,107,205
